﻿<?xml version="1.0" encoding="utf-8" ?>
<Advertisements>
  <Ad>
    <ImageUrl>hands1.png</ImageUrl>
    <NavigateUrl>http://handsacrossthewater.org.au/get-involved/sponsor-a-rider-or-trekker/</NavigateUrl>
    <AlternateText>
      Sponser Bike
    </AlternateText>
    <width>200</width>
    <height>100</height>
    <Impressions>20</Impressions>
    <Keyword>Bike</Keyword>
  </Ad>

  <Ad>
    <ImageUrl>hands2.png</ImageUrl>
    <NavigateUrl>https://app.etapestry.com/cart/HandsAcrosstheWater/default/index.php</NavigateUrl>
    <AlternateText>Sponser Book</AlternateText>
    <Impressions>20</Impressions>
    <Keyword>Book</Keyword>
  </Ad>

  <Ad>
    <ImageUrl>hands3.png</ImageUrl>
    <NavigateUrl>http://handsacrossthewater.org.au/get-involved/sponsor-a-child/</NavigateUrl>
    <AlternateText>Sponser Kids</AlternateText>
    <Impressions>20</Impressions>
    <Keyword>Kids</Keyword>
  </Ad>
</Advertisements>